Phylum,locus_tag,counts.20120800_P2M,counts.20120800_S1M,counts.20120800_S1S,counts.20120800_S1X,counts.20120700_P3M,counts.20120700_P3D,counts.20120700_E3M,counts.20120700_E3D,counts.20120700_E2X,counts.20120700_S1D,counts.20120600_S2S,counts.20120600_S2M,counts.20120600_P2M,counts.20120600_S2D,counts.20120600_E1M,counts.20120600_E1D,counts.20120700_S2M,counts.20120800_E2D,counts.20120800_E2M,counts.20120800_E3D,counts.20110600_E1M,counts.20110600_E1D,counts.20100900_E2S,counts.20100900_E1D,counts.20110600_E1S,counts.20110700_E1D,genome_name
Euryarchaeota,archaea00943_POONNDJG_00562,0,0,0,0,0,0,0,0,0,0,0,0,0,0,0,0,0,0,0,0,0,0,0,0,0,0,archaea00943
Euryarchaeota,archaea00944_FDMJCCHH_00022,0,0,0,0,0,0,0,0,0,0,0,0,0,0,0,0,0,0,0,3.26523068544917,0,0,0,0,0,0,archaea00944
Euryarchaeota,archaea00966_JOIJDDGM_01988,0,0,0,0,0,0,3.54912392424692,0,0,0,0,0,0,0,26.434634218112,0,0,0,0.770462871824954,0,0.342534355295456,0,0,0,0,0,archaea00966
Euryarchaeota,archaea00981_MEBJLFJC_00899,0,0,0,0,0,0,1.25353824475177,0,0,0,0,0,0,0,6.65446442497125,0.183846503305658,0,0,0,0,0,0.826794565753506,0,0.406718874077914,0,0,archaea00981
Euryarchaeota,archaea01023_DMGPNAGD_00761,0,0,0,0,0,0,0,0,0,0,0,0,0,0,0,0,0,0,0,0,0,0.342056723203165,0,0,0,0,archaea01023
Euryarchaeota,archaea01029_JJDDBPIC_00287,0,0,0,0,0,0,1.25353824475177,0,0,0,0,0,0,0,0,0.183846503305658,0,0,0,0,0,0,0,0.406718874077914,0,0,archaea01029
Actinobacteria,bacteria20068_EAGCLGCC_00365,0,0,0,0,0,0,0,0,0,0,0,0,0,0,0,0,0,0,0,0,0,0,0,0,0,0,bacteria20068
Actinobacteria,bacteria20100_GMCDAEHA_00729,0,0,0,0,0,0,0,0,0,0,0,0,0,0,0,0,0,0,0,0,0,0,0,0,0,0,bacteria20100
Deltaproteobacteria,bacteria20231_AHOIDMMI_02175,0,0,0,0,0,0,0,0,0,0,0,0,0,0,0,0,0,0,0.0912122050639331,0,0,0.0848354968261817,0,0,0,0,bacteria20231
Acidobacteria,bacteria20275_BDCJAEMM_02213,0,0,0,0,0,0,0,0,0,0,0,0,0,0,0,0,0,0,0,0,0,0,0,0.436890897377462,0,0,bacteria20275
Deltaproteobacteria,bacteria20292_LPDGJDMH_02157,0,0,0,0,0,0,1.11555719943427,0,0,1.11252454064602,0,0,0,0,0.141464993170898,0.212672680511026,0,0.0292105153031846,0,0,0.095612388682929,0.137373498879566,0,0,0,0.199893385131134,bacteria20292
Deltaproteobacteria,bacteria20309_DIEOFKCI_02563,0,0,0,0,0,0,1.11555719943427,0,0,1.11252454064602,0,0,0,0,0.141464993170898,0.212672680511026,0,0.0292105153031846,0,0,0.095612388682929,0.137373498879566,0,0,0,0.199893385131134,bacteria20309
Deltaproteobacteria,bacteria20316_IHOECDPB_00701,0,0,0,0,0,0,1.11555719943427,0,0,1.11252454064602,0,0,0,0,0.141464993170898,0.212672680511026,0,0.0292105153031846,0,0,0.095612388682929,0.137373498879566,0,0,0,0.199893385131134,bacteria20316
Deltaproteobacteria,bacteria20330_FDBPHMNI_00257,0,0,0,0,0,0,1.11555719943427,0,0,1.11252454064602,0,0,0,0,0.141464993170898,0.212672680511026,0,0.0292105153031846,0,0,0.095612388682929,0.137373498879566,0,0,0,0.199893385131134,bacteria20330
Deltaproteobacteria,bacteria20361_GALAPJED_02004,0,0,0,0,0,0,1.11555719943427,0,0,1.11252454064602,0,0,0,0,0.141464993170898,0.212672680511026,0,0.0292105153031846,0,0,0.095612388682929,0.137373498879566,0,0,0,0.199893385131134,bacteria20361
Deltaproteobacteria,bacteria20400_NJDFENNO_01260,0,0,0,0,0,0,1.11555719943427,0,0,1.11252454064602,0,0,0,0,0.141464993170898,0.212672680511026,0,0.0292105153031846,0,0,0.095612388682929,0.137373498879566,0,0,0,0.199893385131134,bacteria20400
Planctomycetes,bacteria20431_EMHEPOCF_00362,0,0,0,0,0,0,0,1.00202612750247,0,0,0,0,0,0,0,3.91484907039108,0,0,0,0,3.96735379751031,11.821077934227,0,3.03125184386304,0,0,bacteria20431
Bacteroidetes,bacteria20436_ANOGBKNC_01915,0,0,0,0,0,0,0,0,0,0,0,0,0,0,0,0.967331892393145,0,1.39199993420089,0,0,2.13884824178674,0,0,0,0,0,bacteria20436
Bacteroidetes,bacteria20440_CIFLKLDM_00796,0,0,0,1.2395767459843,0,0,0,5.9422479654216,0,4.03255688023302,0,0,0,0,44.0167397678331,21.6682343896064,0,0,8.0181891893411,0,108.320895901758,64.993281016887,0,1.28400202688551,0,7.99362236734757,bacteria20440
Bacteroidetes,bacteria20442_BGHIJOPK_01307,0,0,0,0,0,0,0,0,0,0,0,0,0,0,0,0,0,0,0.668182432445091,5.00370190163403,0.178237353482228,4.89609392558211,0,0,0,0.133227039455793,bacteria20442
Aminicenantes,bacteria20443_EOIJGNNO_01450,0,0,0,0,0,0,0,0,0,0,0,0,0,0,0,0,0,0,0,0,0,0,0,0,0,0,bacteria20443
Bacteroidetes,bacteria20444_IMEGKKCF_02328,0,0,0,0,0,0,0,0,0,0,0,0,0,0,0,0.967331892393145,0,1.39199993420089,0,0,2.13884824178674,0,0,0,0,0,bacteria20444
Bacteroidetes,bacteria20445_FCODCFNE_01930,0,0,0,0,0,0,0,0,0,0,0,0,0,0,0.770442256451895,0.595991948029687,0,0,0.411680161363185,0,1.1896678280187,1.35402450632697,0,0.219749600621201,0,0.13680627335162,bacteria20445
Bacteroidetes,bacteria20451_EBEKBODL_02675,0,0,0,0,0,0,0,0,0,0,0,0,0,0,0.500190224634467,0,0,5.99630740886536,0,10.9570114634322,1.06942412089337,1.98870187908817,0,0,0,1.06581631564634,bacteria20451
Bacteroidetes,bacteria20453_AKFEKFNK_03378,0,0,0,0,0,0,0,0,0,0,0,0,0,0,0,0,0,0,0.668182432445091,5.00370190163403,0.178237353482228,4.89609392558211,0,0,0,0.133227039455793,bacteria20453
Bacteroidetes,bacteria20458_AFLLMFID_02604,0,0,0,0,0,0,0.526122718376976,0,0,0,0,0,0,0,2.74307218843018,0,0,0,0,0,0.977463979096743,0.433767583772129,0,0,0,0,bacteria20458
Bacteroidetes,bacteria20475_IGJAHFNO_00608,0,0,0,0,0,0,0,0,0,0,0,0,0,0,0.770442256451895,0.595991948029687,0,0,0.411680161363185,0,1.1896678280187,1.35402450632697,0,0.219749600621201,0,0.13680627335162,bacteria20475
Deltaproteobacteria,bacteria20477_FEKPEAJB_00146,0,0,0,0,0,0,0,0,0,0,0,0,0,0,0,0,0,0,0,0,0,0.109074210205091,0,0,0,0,bacteria20477
Acidobacteria,bacteria20480_EANMDLCC_06185,0,0,0,0,0,0,0,0,0,0,0,0,0,0,0,0,0,0,0,0,0,0.12357540578149,0,0,0,0,bacteria20480
Acidobacteria,bacteria20480_EANMDLCC_01618,0,0,0,0,0,0,0,0.218811100418008,0,0,0,0,0,0,0,0,0,0,0,0,0.0590690265875593,0,0,0,0,0,bacteria20480
Chlorobi,bacteria20486_GGILCKEN_01186,0,0,0,0,0,0,0,1.31709619852128,0,0,0,0,0,0,0,0.171526892259403,0,0,0,1.10097256079298,0.632099480390584,0.771390806192704,0,0,0,0,bacteria20486
Deltaproteobacteria,bacteria20489_KMCNFJGF_01676,0,0,0,0,0,0,0,0,0,0,0,0,0,0,0,0,0,0,0,0,0.158433203095314,0.11048343772712,0,0,0,0,bacteria20489
Chlorobi,bacteria20491_GBJDKDCP_02833,0,0,0,0,0,0,0,0.311131400320401,0,0,0,0,0,0,0,0,0,0,0,1.92763350531103,0.671930406552182,5.03713667730688,0,0,0,2.26011459811033,bacteria20491
Deltaproteobacteria,bacteria20494_OMLGICDI_03479,0,0,0,0,0,0,0,0,0,0,0,0,0,0,0,0,0,0,0,0,0,0,0,0,0,0,bacteria20494
Chlorobi,bacteria20497_OLMAJDFE_00666,0,0,0,0,0,0,0,1.31709619852128,0,0,0,0,0,0,0,0.171526892259403,0,0,0,1.10097256079298,0.632099480390584,0.771390806192704,0,0,0,0,bacteria20497
Deltaproteobacteria,bacteria20503_KKGNKGBC_00357,0,0,0,0,0,0,0,0,0,0,0,0,0,0,0,0,0,0,0,0,0.0788093182492116,0.109915399486878,0,0,0,0.471260684553139,bacteria20503
Deltaproteobacteria,bacteria20505_EHPOFFHK_00087,0,0,0,0,0,0,1.11555719943427,0,0,1.11252454064602,0,0,0,0,0.141464993170898,0.212672680511026,0,0.0292105153031846,0,0,0.095612388682929,0.137373498879566,0,0,0,0.199893385131134,bacteria20505
Deltaproteobacteria,bacteria20569_FBMMBCNP_01553,0,0,0,0,0,0,0,0,0,0,0,0,0,0,0,0,0,0,0,0,0,0.128786416868661,0,0,0,0,bacteria20569
Deltaproteobacteria,bacteria20615_IFCDJMGK_02189,0,0,0,0,0,0,0,0.583871265382757,0,0,0,0,0,0,0,0,0,0,0,0,0.0788093182492116,0.769407796408147,0,0,0,0,bacteria20615
Chlorobi,bacteria20622_BLMGPDPC_03363,0,0,0,0,0,0,0,0.165062443483933,0,0,0,0,0,0,0,0,0,0,0,0,0,0,0,0,0,0,bacteria20622
Bacteroidetes,bacteria20625_KNIBPOEI_02541,0,0,0,0,0,0,14.0114787104605,1.1953995907047,0,0,0,0,0,0,9.65981402241441,0.934069251882784,0,0,0,0,10.4007194023974,0,0,0,0,0,bacteria20625
Chloroflexi,bacteria20631_MOCBEJKL_01944,0,0,0,0,0,0,1.52531376336182,0.636207065080931,0,0,0,0,0,0,1.92790405909531,0,0,0,0,0,0,1.19767760225198,0,0,0,1.28375634657683,bacteria20631
Aminicenantes,bacteria20664_OAPPGNJA_01921,0,0,0,0,0,0,0,0,0,0,0,0,0,0,0,0,0,0,0,0,0.232248672719267,0,0,0,0,0,bacteria20664
Deltaproteobacteria,bacteria20666_GADHGLDD_00789,0,0,0,0,0,0,0,0,0,0,0,0,0,0,0,0,0,0,0,0,0.15641237142318,0.327222630615272,0,0.375592429633176,0,0,bacteria20666
Chlorobi,bacteria20667_JAJNLFMN_03093,0,0,0,0,0,0,0,0.593018073717735,0,0,0,0,0,0,0,0.231688195636722,0,0,0,0,1.06725238638619,3.16305716626077,0.142677441439995,1.28139453800004,0,0.957286716925175,bacteria20667
Elusimicrobia,bacteria20671_BBBELNBI_01127,0,0,0,0,0,0,0,0,0,0,0,0,0,0,0,0,0,0,0,0,0,0,0,0.207955130531363,0,0,bacteria20671
Chloroflexi,bacteria20672_PLMGMDBH_00116,0,0,0,0,0,0,0,2.22672472778326,0,0,0,0,0,0,6.50667619944668,5.0333773762171,0,0,0.128770171854964,0,0.601114211743986,2.57500684484175,0,1.64966086740846,0,2.43913705849597,bacteria20672
Deltaproteobacteria,bacteria20675_FJGPHMLA_04473,0,0,0,0,0,0,0,0,0,0,0,0,0,0,0,0,0,0,0,0,0,0,0,0,0,0,bacteria20675
Deltaproteobacteria,bacteria20678_HJHJLBOA_04270,0,0,0,0,0,0,0,0,0,0,0,0,0,0,0,0.95896879245891,0,0,0,0,0,0,0,0,0,0,bacteria20678
Aminicenantes,bacteria20685_FKNBAFMF_00379,0,0,0,0,0,0,0,0,0,0,0,0,0,0,0,0,0,0,0,0,0,0,0,0,0,0,bacteria20685
Verrucomicrobia,bacteria20689_OGCKFECM_02372,0,0,0,0,0,0,0,0.218811100418008,0,0,0,0,0,0,0,0,0,0,0,0,0.0590690265875593,0.741452434688941,0,0,0,0,bacteria20689
Chloroflexi,bacteria20692_CKFKFJOC_01459,0,0,0,0,0,0,0,2.22672472778326,0,0,0,0,0,0,6.50667619944668,5.0333773762171,0,0,0.128770171854964,0,0.601114211743986,2.57500684484175,0,1.64966086740846,0,2.43913705849597,bacteria20692
Chloroflexi,bacteria20692_CKFKFJOC_00475,0,0,0,0,0,0,0.508437921120607,0,0,0,0,0,0,0,2.40988007386914,0,0,0,0,0,1.71746917641139,2.27558744427876,0,1.64966086740846,0,0.770253807946097,bacteria20692
Actinobacteria,bacteria20693_BMKINFAN_01741,0,0,0,0,0,0,0,0,0,0,0,0,0,0,0,0.0228202557751516,0,0,0,0,0.0823715793222988,0.0232374760999681,0.101063810282287,0,0,0,bacteria20693
Elusimicrobia,bacteria20695_OFGBOAGO_01421,0,0,0,0,0,0,0,0,0,0,0,0,0,0,0,0,0,0,0,0,0,0,0,0.207955130531363,0,0,bacteria20695
Spirochaetes,bacteria20697_NBOIKECE_03323,0,0,0,0,0,0,0,0,0,0,0,0,0,0,0,0,0,0,0.792602609521074,0,0,0.122865202299987,0,0,0,0,bacteria20697
Spirochaetes,bacteria20697_NBOIKECE_02192,0,0,0,0,0,0,0,0,0,0,0,0,0,0,1.77387048736347,0.457405046025075,0,0,0,0,0,0,0,0,0,0,bacteria20697
Chloroflexi,bacteria20699_CCEIFOOC_00634,0,0,0,0,0,0,0,0.827069184605211,0,0,0,0,0,0,0,1.09845885734785,0,0,0.257540343709929,0,0.274795068225822,2.1797732360986,0,0.742347390333806,0,0.872954315672243,bacteria20699
Deltaproteobacteria,bacteria20700_HAMBEGMB_00045,0,0,0,0,0,0,0,0.116474831914817,0,0,0,0,0,0,0,0.102388360302536,0,0,0,0,0.955864075782437,1.34293402646413,0,0.151007417862774,0,0,bacteria20700
Actinobacteria,bacteria20701_MKNEBMHC_01628,0,0,0,0,0,0,0,0,0,0,0,0,0,0,0,0,0,0,0,0,0,0.119767760225198,0,0,0,0,bacteria20701
Chloroflexi,bacteria20706_KCOEBLCF_00391,0,0,0,0,0,0,0,0.827069184605211,0,0,0,0,0,0,0,0,0,0,0.257540343709929,0,0.274795068225822,2.1797732360986,0,0.742347390333806,0,0.872954315672243,bacteria20706
Bacteroidetes,bacteria20707_NCPGCONH_00147,0,0,0,0,0,0,0.526122718376976,0,0,0,0,0,0,0,2.74307218843018,0,0,0,0,0,0.977463979096743,0.433767583772129,0,0,0,0,bacteria20707
Actinobacteria,bacteria20733_BCPNPANF_02104,0,0,0,0,0,0,0,0,0,0,0,0,0,0,0,0.331121361611874,0,0,0,0,1.548091517485,0.431563385935889,0.770669425406082,0,0,0,bacteria20733
Deltaproteobacteria,bacteria20738_LHKBJEKK_01037,0,0,0,0,0,0,0,0,0,0,0,0,0,0,3.59718684197052,2.31890014622468,0,0,0,0,0,0.744897045303059,0,0,0,0,bacteria20738
Chloroflexi,bacteria20742_OLCNJMFI_00866,0,0,0,0,0,0,0,0.827069184605211,0,0,0,0,0,0,0,1.09845885734785,0,0,0.257540343709929,0,0.274795068225822,2.1797732360986,0,0.742347390333806,0,0.872954315672243,bacteria20742
Chlorobi,bacteria20744_ONOLOMGD_02010,0,0,0,0,0,0,0,0.593018073717735,0,0,0,0,0,0,0,0.231688195636722,0,0,0,0,1.06725238638619,3.16305716626077,0.142677441439995,1.28139453800004,0,0.957286716925175,bacteria20744
Chlorobi,bacteria20745_LPMOHICJ_00765,0,0,0,0,0,0,0,0.165062443483933,0,0,0,0,0,0,0,0,0,0,0,0,0,0,0,0,0,0,bacteria20745
Deltaproteobacteria,bacteria20749_OJBJBPBN_04655,0,0,0,0,0,0,0,0,0,0,0,0,0,0,0,0,0,0,0.0912122050639331,0,0,0.0848354968261817,0,0,0,0,bacteria20749
Bacteroidetes,bacteria20752_KDMMLLEA_00913,0,0,0,0,0,0,0,0,0,0,0,0,0,0,0,0,0,0,0,0,7.66420619973583,1.49152640931613,0,0,0,0,bacteria20752
Bacteroidetes,bacteria20754_JLDBLKBK_01339,0,0,0,0,0,0,2.71725056646791,0,0,0,0,0,0,0,5.15165979863044,1.19555271011943,0,0,1.92692610458417,0.300935085303048,26.0674797691614,20.2264080337201,0,0.440815067114386,0,2.19545396755893,bacteria20754
Nitrospirae,bacteria20803_KGEFNHEA_02200,0,0,0,0,0,0,0,0,0,0,0,0,0,0,1.96721155420263,1.0145188139733,0,0,1.05116504616362,0,5.25873909575902,2.47071029210078,0,0,0,0,bacteria20803
Nitrospirae,bacteria20804_KNFHDFJD_02274,0,0,0,0,0,0,0,0,0,0,0,0,0,0,0,0,0,0,0,0,1.04531139848842,1.09041648098757,0,0,0,2.85545804191855,bacteria20804
Bacteroidetes,bacteria20809_ABNNHAFK_01429,0,0,0,0,0,0,0,0,0,0,0,0,0,0,0,4.32259697130434,0,0,0,0,34.2041960878874,9.31470672004665,0,0,0,6.97391775196511,bacteria20809
Bacteroidetes,bacteria20812_CDHMGCGE_02563,0,0,0,0,0,0,0,0,0,0,0,0,0,0,0,0,0,0,0,0,9.3850976154165,2.61017121630322,0,0,0,0,bacteria20812
Actinobacteria,bacteria20819_PGPGJHPN_03141,0,0,0,0,0,0,0,0,0,0,0,0,0,0,0,0,0,0,0,0,0.708828319050712,0.37072621734447,0,0,0,0,bacteria20819
Chlorobi,bacteria20828_CLECIBLG_02418,0,0,0,0,0,0,0,0.593018073717735,0,0,0,0,0,0,0,0.231688195636722,0,0,0,0,1.06725238638619,3.16305716626077,0.142677441439995,1.28139453800004,0,0.957286716925175,bacteria20828
Verrucomicrobia,bacteria20830_KGHCLKHF_03809,0,0,0,0,0,0,0,0.218811100418008,0,0,0,0,0,0,0,0,0,0,0,0,0.0590690265875593,0,0,0,0,0,bacteria20830
Deltaproteobacteria,bacteria20841_IGBILODD_02625,0,0,0,0,0,0,0,0.116474831914817,0,0,0,0,0,0,0,0.102388360302536,0,0,0,0,0.955864075782437,1.34293402646413,0,0.151007417862774,0,0,bacteria20841
Acidobacteria,bacteria20842_LGIKCIPP_02822,0,0,0,0,0,0,0,0,0,0,0,0,0,0,0,0.384696151425713,0,0,0,0,0,0,0,0,0,0,bacteria20842
Chlorobi,bacteria20845_HAPBOFHK_00940,0,0,0,0,0,0,0,0,0,0,0,0,0,0,3.29455145346705,0.810908684728527,0,0,0,0.0164021407459559,0.232855066120623,1.36622805332608,0,0,0,0.609182456225111,bacteria20845
Chloroflexi,bacteria20867_MPFFFDMH_00499,0,0,0,0,0,0,0,0,0,0,0,0,0,0,0,0,0,0,0,0,0.184679667463514,0,0,0,0,0,bacteria20867
Deltaproteobacteria,bacteria20869_KIDPBIEM_01399,0,0,0,0,0,0,0,0.116474831914817,0,0,0,0,0,0,0,0.102388360302536,0,0,0,0,0.955864075782437,1.34293402646413,0,0.151007417862774,0,0,bacteria20869
Chloroflexi,bacteria20871_GHNDMMHF_03016,0,0,0,0,0,0,0,0.827069184605211,0,0,0,0,0,0,0,1.09845885734785,0,0,0.257540343709929,0,0.274795068225822,2.1797732360986,0,0.742347390333806,0,0.872954315672243,bacteria20871
Chlorobi,bacteria20876_JCNIECGN_01125,0,0,0,0,0,0,0,0.329454485398742,0,0,0,0,0,0,3.29455145346705,0.810908684728527,0,0,0.360085780826806,0.0164021407459559,0.232855066120623,0,0,0,0,0.609182456225111,bacteria20876
Nitrospirae,bacteria20880_AIKBOJLO_03504,0,0,0,0,0,0,0,0,0,0,0,0,0,0,1.96721155420263,1.0145188139733,0,0,1.05116504616362,0,5.25873909575902,2.47071029210078,0,0,0,0,bacteria20880
Deltaproteobacteria,bacteria20885_LIDIFIHF_04589,0,0,0,0,0,0,0,0.703176229826292,0,0,0,0,0,0,1.06542066423688,0,0,0,1.13859941429653,0,0,2.43262152884476,0.507542972800478,1.36748203482543,0,0,bacteria20885
Deltaproteobacteria,bacteria20888_CJNCAAOC_02346,0,0,0,0,0,0,0,0,0,0,0,0,0,0,0,0.102388360302536,0,0,0,0,0.716898056836828,0,0,0,0,0,bacteria20888
Chloroflexi,bacteria20889_KOKFAPOG_02042,0,0,0,0,0,0,0,0.827069184605211,0,0,0,0,0,0,0,1.09845885734785,0,0,0.257540343709929,0,0.274795068225822,2.1797732360986,0,0.742347390333806,0,0.872954315672243,bacteria20889
Deltaproteobacteria,bacteria20898_DINFGHDF_03985,0,0,0,0,0,0,0,0,0,0,0,0,0,0,0,0,0,0,0.0912122050639331,0,0,0.0848354968261817,0,0,0,0,bacteria20898
Deltaproteobacteria,bacteria20901_LAJMINCF_07509,0,0,0,0,0,0,0,0,0,0,0,0,0,0,0,0.95896879245891,0,0,0,0,0,0,0,0,0,0,bacteria20901
FCPU426,bacteria20914_ALJEKHMF_01269,0,0,0,0,0,0,0,0,0,0,0,0,0,4.94225046295615,0,0,0,0,0,0,0,0.224446668768481,0,0,0,0,bacteria20914
Deltaproteobacteria,bacteria20931_CFONOKIB_01075,0,52.6369511416099,0,0,0,0,3.92101485137207e-05,1.11701273229783,0,8.89056923863082,0,0,0,0,4.99443035741418,14.3756675528772,0,0,1.20579544530419,0,1.83627263818813,10.4851911412704,0,0.965457261745605,0,0,bacteria20931
Nitrospirae,bacteria21013_BLBEHFJK_00263,0,0,0,0,0,0,0,0,0,0,0,0,0,0,1.96721155420263,1.0145188139733,0,0,1.05116504616362,0,5.25873909575902,2.47071029210078,0,0,0,0,bacteria21013
Bacteroidetes,bacteria21019_OCHCIKMJ_00749,0,0,0,1.60306165646091,0,0,0,5.12314110302013,0,0,0,0,0,0,0,7.92051912966285,0,3.32340990652473,1.03693875230577,0,5.32402710267799,16.8872825578013,0,0.553504633143627,0,3.04165189255449,bacteria21019
Chlorobi,bacteria21020_CAOHOLIK_00835,0,0,0,0,0,0,0,0,0,0,0,0,0,0,3.29455145346705,0.810908684728527,0,0,0,0.0164021407459559,0.232855066120623,1.36622805332608,0,0,0,0.609182456225111,bacteria21020
Chloroflexi,bacteria21037_EGBIPAKA_01428,0,0,0,0,0,0,0,0,0,0,0,0,0,0,0,0.112831387507212,0,0,0,0,0,0,0,0,0,0,bacteria21037
Bacteroidetes,bacteria21049_JKEDGKBH_00819,0,0,0,0,0,0,1.58295643465166,3.30124886967867,0,0,0,0,0,0,3.50133157244127,8.89945341001693,0,0,3.74182162169251,0,39.2596327815269,23.1310710002074,0,0,0,17.0530610503415,bacteria21049
Chlorobi,bacteria21052_OCCLLKKG_02278,0,0,0,0,0,0,0,2.63563588318993,0,0,0,0,0,0,0,0.347532293455083,0,0,0.360085780826806,0.0164021407459559,1.86284052896499,25.9583330131955,0,1.15325508420004,0,3.91617293287572,bacteria21052
Deltaproteobacteria,bacteria21102_BGBECAJP_03137,0,0,0,0,0,0,1.11555719943427,0,0,1.11252454064602,0,0,0,0,0.141464993170898,0.212672680511026,0,0.0292105153031846,0,0,0.095612388682929,0.137373498879566,0,0,0,0.199893385131134,bacteria21102
Fibrobacteres,bacteria21130_JLLBPIIL_01844,0,0,0,0,0,0,0,0,0,3.82148640991779,0,0,0,0,0,0,0,0,0,0,0,0.117788127824781,0,0,0,0,bacteria21130
Deltaproteobacteria,bacteria21162_MHLBNFEK_02879,0,0,0,0,0,0,1.11555719943427,0,0,1.11252454064602,0,0,0,0,0.141464993170898,0.212672680511026,0,0.0292105153031846,0,0,0.095612388682929,0.137373498879566,0,0,0,0.199893385131134,bacteria21162
Deltaproteobacteria,bacteria21165_LOEDEDJK_03963,0,0,0,0,0,0,0,0,0,0,0,13.2585595543338,0,21.5375522625883,0,0,0,0,0,0,0,0,0,0,0,0,bacteria21165
Deltaproteobacteria,bacteria21170_MLKPLHMF_00823,0,0,0,0,0,0,0,0,0,0,0,0,0,0,0,0,0,0,0,0,0,0.140187181640641,0,0,0,0,bacteria21170
Fibrobacteres,bacteria21187_AAGFGJFP_01997,0,0,0,0,0,0,0,0,0,0,0,0,0,0,0,0,0,0,0,0,0,0.120442508170128,0,0,0,0,bacteria21187
Deltaproteobacteria,bacteria21197_OPPLMCCC_01694,0,0,0,0,0,0,1.11555719943427,0,0,1.11252454064602,0,0,0,0,0.141464993170898,0.212672680511026,0,0.0292105153031846,0,0,0.095612388682929,0.137373498879566,0,0,0,0.199893385131134,bacteria21197
Deltaproteobacteria,bacteria21230_KMGLHDAH_01882,0,0,0,0,0,0,1.11555719943427,0,0,1.11252454064602,0,0,0,0,0.141464993170898,0.212672680511026,0,0.0292105153031846,0,0,0.095612388682929,0.137373498879566,0,0,0,0.199893385131134,bacteria21230
FCPU426,bacteria21278_OFOICEGE_02290,0,0,0,0,0,0,0,0,0,0,0,0,0,0,0,0,0,0,0,0,0,0.108520534011156,0,0,0,0,bacteria21278
Deltaproteobacteria,bacteria21335_BDHOJAGD_00365,0,0,0,0,0,0,1.11555719943427,0,0,1.11252454064602,0,0,0,0,0.141464993170898,0.212672680511026,0,0.0292105153031846,0,0,0.095612388682929,0.137373498879566,0,0,0,0.199893385131134,bacteria21335
Deltaproteobacteria,bacteria21351_NLBACFFK_01031,0,0,0,0,0,0,1.11555719943427,0,0,1.11252454064602,0,0,0,0,0.141464993170898,0.212672680511026,0,0.0292105153031846,0,0,0.095612388682929,0.137373498879566,0,0,0,0.199893385131134,bacteria21351
Nitrospirae,bacteria21399_AJGDKHMH_00368,0,0,0,0,0,0,0,0,0,0,0,0,0,0,0,0,0,0,0,0,1.87694845707816,4.47204261840872,0,0,0,0,bacteria21399
Nitrospirae,bacteria21399_AJGDKHMH_01140,0,0,0,0,0,0,0,0,0,0,0,0,0,0,1.96721155420263,1.0145188139733,0,0,1.05116504616362,0,5.25873909575902,2.47071029210078,0,0,0,0,bacteria21399
Spirochaetes,bacteria21401_PJHFALAO_03227,0,0,0,0,0,0,0,0,0,0,0,0,0,0,0,0,0,0,0,0,0,0,0,0,0,0.270384080075473,bacteria21401
Acidobacteria,bacteria21402_OJDFNFNG_01148,0,0,0,0,0,0,0,0,0,0,0,0,0,0,0,0,0,0,0,0,0,0,0,0,0,0,bacteria21402
Deltaproteobacteria,bacteria21447_CHILLHOD_01552,0,0,0,0,0,0,0,0,0,0,0,0,0,0,0,0,0,0,0,0,0,0,0,0,0,0,bacteria21447
Acidobacteria,bacteria21452_GEIDDEJC_02902,0,0,0,0,0,0,0,0,0,0,0,0,0,0,0,0,0,0,0,0,0,0,0,0,0,0,bacteria21452
