Phylum,locus_tag,counts.20120800_S1M,counts.20120800_S1X,counts.20120700_E3M,counts.20120700_E3D,counts.20120700_S1D,counts.20120600_S2M,counts.20120600_S2D,counts.20120600_E1M,counts.20120600_E1D,counts.20120800_E2D,counts.20120800_E2M,counts.20120800_E3D,counts.20110600_E1M,counts.20110600_E1D,counts.20100900_E2S,counts.20100900_E1D,counts.20110700_E1D,genome_name
Bacteroidetes,bacteria20440_CIFLKLDM_00796,0,1.239576746,0,5.942247965,4.03255688,0,0,44.01673977,21.66823439,0,8.018189189,0,108.3208959,64.99328102,0,1.284002027,7.993622367,bacteria20440
Bacteroidetes,bacteria21049_JKEDGKBH_00819,0,0,1.582956435,3.30124887,0,0,0,3.501331572,8.89945341,0,3.741821622,0,39.25963278,23.131071,0,0,17.05306105,bacteria21049
Bacteroidetes,bacteria20809_ABNNHAFK_01429,0,0,0,0,0,0,0,0,4.322596971,0,0,0,34.20419609,9.31470672,0,0,6.973917752,bacteria20809
Bacteroidetes,bacteria20754_JLDBLKBK_01339,0,0,2.717250566,0,0,0,0,5.151659799,1.19555271,0,1.926926105,0.300935085,26.06747977,20.22640803,0,0.440815067,2.195453968,bacteria20754
Bacteroidetes,bacteria20625_KNIBPOEI_02541,0,0,14.01147871,1.195399591,0,0,0,9.659814022,0.934069252,0,0,0,10.4007194,0,0,0,0,bacteria20625
Bacteroidetes,bacteria20812_CDHMGCGE_02563,0,0,0,0,0,0,0,0,0,0,0,0,9.385097615,2.610171216,0,0,0,bacteria20812
Bacteroidetes,bacteria20752_KDMMLLEA_00913,0,0,0,0,0,0,0,0,0,0,0,0,7.6642062,1.491526409,0,0,0,bacteria20752
Bacteroidetes,bacteria21019_OCHCIKMJ_00749,0,1.603061656,0,5.123141103,0,0,0,0,7.92051913,3.323409907,1.036938752,0,5.324027103,16.88728256,0,0.553504633,3.041651893,bacteria21019
Nitrospirae,bacteria20803_KGEFNHEA_02200,0,0,0,0,0,0,0,1.967211554,1.014518814,0,1.051165046,0,5.258739096,2.470710292,0,0,0,bacteria20803
Nitrospirae,bacteria20880_AIKBOJLO_03504,0,0,0,0,0,0,0,1.967211554,1.014518814,0,1.051165046,0,5.258739096,2.470710292,0,0,0,bacteria20880
Nitrospirae,bacteria21013_BLBEHFJK_00263,0,0,0,0,0,0,0,1.967211554,1.014518814,0,1.051165046,0,5.258739096,2.470710292,0,0,0,bacteria21013
Nitrospirae,bacteria21399_AJGDKHMH_01140,0,0,0,0,0,0,0,1.967211554,1.014518814,0,1.051165046,0,5.258739096,2.470710292,0,0,0,bacteria21399
Planctomycetes,bacteria20431_EMHEPOCF_00362,0,0,0,1.002026128,0,0,0,0,3.91484907,0,0,0,3.967353798,11.82107793,0,3.031251844,0,bacteria20431
Bacteroidetes,bacteria20436_ANOGBKNC_01915,0,0,0,0,0,0,0,0,0.967331892,1.391999934,0,0,2.138848242,0,0,0,0,bacteria20436
Bacteroidetes,bacteria20444_IMEGKKCF_02328,0,0,0,0,0,0,0,0,0.967331892,1.391999934,0,0,2.138848242,0,0,0,0,bacteria20444
Nitrospirae,bacteria21399_AJGDKHMH_00368,0,0,0,0,0,0,0,0,0,0,0,0,1.876948457,4.472042618,0,0,0,bacteria21399
Chlorobi,bacteria21052_OCCLLKKG_02278,0,0,0,2.635635883,0,0,0,0,0.347532293,0,0.360085781,0.016402141,1.862840529,25.95833301,0,1.153255084,3.916172933,bacteria21052
Deltaproteobacteria,bacteria20931_CFONOKIB_01075,52.63695114,0,3.92E-05,1.117012732,8.890569239,0,0,4.994430357,14.37566755,0,1.205795445,0,1.836272638,10.48519114,0,0.965457262,0,bacteria20931
Chloroflexi,bacteria20692_CKFKFJOC_00475,0,0,0.508437921,0,0,0,0,2.409880074,0,0,0,0,1.717469176,2.275587444,0,1.649660867,0.770253808,bacteria20692
Actinobacteria,bacteria20733_BCPNPANF_02104,0,0,0,0,0,0,0,0,0.331121362,0,0,0,1.548091517,0.431563386,0.770669425,0,0,bacteria20733
Bacteroidetes,bacteria20445_FCODCFNE_01930,0,0,0,0,0,0,0,0.770442256,0.595991948,0,0.411680161,0,1.189667828,1.354024506,0,0.219749601,0.136806273,bacteria20445
Bacteroidetes,bacteria20475_IGJAHFNO_00608,0,0,0,0,0,0,0,0.770442256,0.595991948,0,0.411680161,0,1.189667828,1.354024506,0,0.219749601,0.136806273,bacteria20475
Bacteroidetes,bacteria20451_EBEKBODL_02675,0,0,0,0,0,0,0,0.500190225,0,5.996307409,0,10.95701146,1.069424121,1.988701879,0,0,1.065816316,bacteria20451
Chlorobi,bacteria20667_JAJNLFMN_03093,0,0,0,0.593018074,0,0,0,0,0.231688196,0,0,0,1.067252386,3.163057166,0.142677441,1.281394538,0.957286717,bacteria20667
Chlorobi,bacteria20744_ONOLOMGD_02010,0,0,0,0.593018074,0,0,0,0,0.231688196,0,0,0,1.067252386,3.163057166,0.142677441,1.281394538,0.957286717,bacteria20744
Chlorobi,bacteria20828_CLECIBLG_02418,0,0,0,0.593018074,0,0,0,0,0.231688196,0,0,0,1.067252386,3.163057166,0.142677441,1.281394538,0.957286717,bacteria20828
Nitrospirae,bacteria20804_KNFHDFJD_02274,0,0,0,0,0,0,0,0,0,0,0,0,1.045311398,1.090416481,0,0,2.855458042,bacteria20804
Bacteroidetes,bacteria20458_AFLLMFID_02604,0,0,0.526122718,0,0,0,0,2.743072188,0,0,0,0,0.977463979,0.433767584,0,0,0,bacteria20458
Bacteroidetes,bacteria20707_NCPGCONH_00147,0,0,0.526122718,0,0,0,0,2.743072188,0,0,0,0,0.977463979,0.433767584,0,0,0,bacteria20707
Deltaproteobacteria,bacteria20700_HAMBEGMB_00045,0,0,0,0.116474832,0,0,0,0,0.10238836,0,0,0,0.955864076,1.342934026,0,0.151007418,0,bacteria20700
Deltaproteobacteria,bacteria20841_IGBILODD_02625,0,0,0,0.116474832,0,0,0,0,0.10238836,0,0,0,0.955864076,1.342934026,0,0.151007418,0,bacteria20841
Deltaproteobacteria,bacteria20869_KIDPBIEM_01399,0,0,0,0.116474832,0,0,0,0,0.10238836,0,0,0,0.955864076,1.342934026,0,0.151007418,0,bacteria20869
Deltaproteobacteria,bacteria20888_CJNCAAOC_02346,0,0,0,0,0,0,0,0,0.10238836,0,0,0,0.716898057,0,0,0,0,bacteria20888
Actinobacteria,bacteria20819_PGPGJHPN_03141,0,0,0,0,0,0,0,0,0,0,0,0,0.708828319,0.370726217,0,0,0,bacteria20819
Chlorobi,bacteria20491_GBJDKDCP_02833,0,0,0,0.3111314,0,0,0,0,0,0,0,1.927633505,0.671930407,5.037136677,0,0,2.260114598,bacteria20491
Chlorobi,bacteria20486_GGILCKEN_01186,0,0,0,1.317096199,0,0,0,0,0.171526892,0,0,1.100972561,0.63209948,0.771390806,0,0,0,bacteria20486
Chlorobi,bacteria20497_OLMAJDFE_00666,0,0,0,1.317096199,0,0,0,0,0.171526892,0,0,1.100972561,0.63209948,0.771390806,0,0,0,bacteria20497
Chloroflexi,bacteria20672_PLMGMDBH_00116,0,0,0,2.226724728,0,0,0,6.506676199,5.033377376,0,0.128770172,0,0.601114212,2.575006845,0,1.649660867,2.439137058,bacteria20672
Chloroflexi,bacteria20692_CKFKFJOC_01459,0,0,0,2.226724728,0,0,0,6.506676199,5.033377376,0,0.128770172,0,0.601114212,2.575006845,0,1.649660867,2.439137058,bacteria20692
Euryarchaeota,archaea00966_JOIJDDGM_01988,0,0,3.549123924,0,0,0,0,26.43463422,0,0,0.770462872,0,0.342534355,0,0,0,0,archaea00966
Chloroflexi,bacteria20699_CCEIFOOC_00634,0,0,0,0.827069185,0,0,0,0,1.098458857,0,0.257540344,0,0.274795068,2.179773236,0,0.74234739,0.872954316,bacteria20699
Chloroflexi,bacteria20706_KCOEBLCF_00391,0,0,0,0.827069185,0,0,0,0,0,0,0.257540344,0,0.274795068,2.179773236,0,0.74234739,0.872954316,bacteria20706
Chloroflexi,bacteria20742_OLCNJMFI_00866,0,0,0,0.827069185,0,0,0,0,1.098458857,0,0.257540344,0,0.274795068,2.179773236,0,0.74234739,0.872954316,bacteria20742
Chloroflexi,bacteria20871_GHNDMMHF_03016,0,0,0,0.827069185,0,0,0,0,1.098458857,0,0.257540344,0,0.274795068,2.179773236,0,0.74234739,0.872954316,bacteria20871
Chloroflexi,bacteria20889_KOKFAPOG_02042,0,0,0,0.827069185,0,0,0,0,1.098458857,0,0.257540344,0,0.274795068,2.179773236,0,0.74234739,0.872954316,bacteria20889
Chlorobi,bacteria20845_HAPBOFHK_00940,0,0,0,0,0,0,0,3.294551453,0.810908685,0,0,0.016402141,0.232855066,1.366228053,0,0,0.609182456,bacteria20845
Chlorobi,bacteria20876_JCNIECGN_01125,0,0,0,0.329454485,0,0,0,3.294551453,0.810908685,0,0.360085781,0.016402141,0.232855066,0,0,0,0.609182456,bacteria20876
Chlorobi,bacteria21020_CAOHOLIK_00835,0,0,0,0,0,0,0,3.294551453,0.810908685,0,0,0.016402141,0.232855066,1.366228053,0,0,0.609182456,bacteria21020
Aminicenantes,bacteria20664_OAPPGNJA_01921,0,0,0,0,0,0,0,0,0,0,0,0,0.232248673,0,0,0,0,bacteria20664
Chloroflexi,bacteria20867_MPFFFDMH_00499,0,0,0,0,0,0,0,0,0,0,0,0,0.184679667,0,0,0,0,bacteria20867
Bacteroidetes,bacteria20442_BGHIJOPK_01307,0,0,0,0,0,0,0,0,0,0,0.668182432,5.003701902,0.178237353,4.896093926,0,0,0.133227039,bacteria20442
Bacteroidetes,bacteria20453_AKFEKFNK_03378,0,0,0,0,0,0,0,0,0,0,0.668182432,5.003701902,0.178237353,4.896093926,0,0,0.133227039,bacteria20453
Deltaproteobacteria,bacteria20489_KMCNFJGF_01676,0,0,0,0,0,0,0,0,0,0,0,0,0.158433203,0.110483438,0,0,0,bacteria20489
Deltaproteobacteria,bacteria20666_GADHGLDD_00789,0,0,0,0,0,0,0,0,0,0,0,0,0.156412371,0.327222631,0,0.37559243,0,bacteria20666
Deltaproteobacteria,bacteria20292_LPDGJDMH_02157,0,0,1.115557199,0,1.112524541,0,0,0.141464993,0.212672681,0.029210515,0,0,0.095612389,0.137373499,0,0,0.199893385,bacteria20292
Deltaproteobacteria,bacteria20309_DIEOFKCI_02563,0,0,1.115557199,0,1.112524541,0,0,0.141464993,0.212672681,0.029210515,0,0,0.095612389,0.137373499,0,0,0.199893385,bacteria20309
Deltaproteobacteria,bacteria20316_IHOECDPB_00701,0,0,1.115557199,0,1.112524541,0,0,0.141464993,0.212672681,0.029210515,0,0,0.095612389,0.137373499,0,0,0.199893385,bacteria20316
Deltaproteobacteria,bacteria20330_FDBPHMNI_00257,0,0,1.115557199,0,1.112524541,0,0,0.141464993,0.212672681,0.029210515,0,0,0.095612389,0.137373499,0,0,0.199893385,bacteria20330
Deltaproteobacteria,bacteria20361_GALAPJED_02004,0,0,1.115557199,0,1.112524541,0,0,0.141464993,0.212672681,0.029210515,0,0,0.095612389,0.137373499,0,0,0.199893385,bacteria20361
Deltaproteobacteria,bacteria20400_NJDFENNO_01260,0,0,1.115557199,0,1.112524541,0,0,0.141464993,0.212672681,0.029210515,0,0,0.095612389,0.137373499,0,0,0.199893385,bacteria20400
Deltaproteobacteria,bacteria20505_EHPOFFHK_00087,0,0,1.115557199,0,1.112524541,0,0,0.141464993,0.212672681,0.029210515,0,0,0.095612389,0.137373499,0,0,0.199893385,bacteria20505
Deltaproteobacteria,bacteria21102_BGBECAJP_03137,0,0,1.115557199,0,1.112524541,0,0,0.141464993,0.212672681,0.029210515,0,0,0.095612389,0.137373499,0,0,0.199893385,bacteria21102
Deltaproteobacteria,bacteria21162_MHLBNFEK_02879,0,0,1.115557199,0,1.112524541,0,0,0.141464993,0.212672681,0.029210515,0,0,0.095612389,0.137373499,0,0,0.199893385,bacteria21162
Deltaproteobacteria,bacteria21197_OPPLMCCC_01694,0,0,1.115557199,0,1.112524541,0,0,0.141464993,0.212672681,0.029210515,0,0,0.095612389,0.137373499,0,0,0.199893385,bacteria21197
Deltaproteobacteria,bacteria21230_KMGLHDAH_01882,0,0,1.115557199,0,1.112524541,0,0,0.141464993,0.212672681,0.029210515,0,0,0.095612389,0.137373499,0,0,0.199893385,bacteria21230
Deltaproteobacteria,bacteria21335_BDHOJAGD_00365,0,0,1.115557199,0,1.112524541,0,0,0.141464993,0.212672681,0.029210515,0,0,0.095612389,0.137373499,0,0,0.199893385,bacteria21335
Deltaproteobacteria,bacteria21351_NLBACFFK_01031,0,0,1.115557199,0,1.112524541,0,0,0.141464993,0.212672681,0.029210515,0,0,0.095612389,0.137373499,0,0,0.199893385,bacteria21351
Actinobacteria,bacteria20693_BMKINFAN_01741,0,0,0,0,0,0,0,0,0.022820256,0,0,0,0.082371579,0.023237476,0.10106381,0,0,bacteria20693
Deltaproteobacteria,bacteria20503_KKGNKGBC_00357,0,0,0,0,0,0,0,0,0,0,0,0,0.078809318,0.109915399,0,0,0.471260685,bacteria20503
Deltaproteobacteria,bacteria20615_IFCDJMGK_02189,0,0,0,0.583871265,0,0,0,0,0,0,0,0,0.078809318,0.769407796,0,0,0,bacteria20615
Acidobacteria,bacteria20480_EANMDLCC_01618,0,0,0,0.2188111,0,0,0,0,0,0,0,0,0.059069027,0,0,0,0,bacteria20480
Verrucomicrobia,bacteria20689_OGCKFECM_02372,0,0,0,0.2188111,0,0,0,0,0,0,0,0,0.059069027,0.741452435,0,0,0,bacteria20689
Verrucomicrobia,bacteria20830_KGHCLKHF_03809,0,0,0,0.2188111,0,0,0,0,0,0,0,0,0.059069027,0,0,0,0,bacteria20830
Euryarchaeota,archaea00943_POONNDJG_00562,0,0,0,0,0,0,0,0,0,0,0,0,0,0,0,0,0,archaea00943
Euryarchaeota,archaea00944_FDMJCCHH_00022,0,0,0,0,0,0,0,0,0,0,0,3.265230685,0,0,0,0,0,archaea00944
Euryarchaeota,archaea00981_MEBJLFJC_00899,0,0,1.253538245,0,0,0,0,6.654464425,0.183846503,0,0,0,0,0.826794566,0,0.406718874,0,archaea00981
Euryarchaeota,archaea01023_DMGPNAGD_00761,0,0,0,0,0,0,0,0,0,0,0,0,0,0.342056723,0,0,0,archaea01023
Euryarchaeota,archaea01029_JJDDBPIC_00287,0,0,1.253538245,0,0,0,0,0,0.183846503,0,0,0,0,0,0,0.406718874,0,archaea01029
Actinobacteria,bacteria20068_EAGCLGCC_00365,0,0,0,0,0,0,0,0,0,0,0,0,0,0,0,0,0,bacteria20068
Actinobacteria,bacteria20100_GMCDAEHA_00729,0,0,0,0,0,0,0,0,0,0,0,0,0,0,0,0,0,bacteria20100
Deltaproteobacteria,bacteria20231_AHOIDMMI_02175,0,0,0,0,0,0,0,0,0,0,0.091212205,0,0,0.084835497,0,0,0,bacteria20231
Acidobacteria,bacteria20275_BDCJAEMM_02213,0,0,0,0,0,0,0,0,0,0,0,0,0,0,0,0.436890897,0,bacteria20275
Aminicenantes,bacteria20443_EOIJGNNO_01450,0,0,0,0,0,0,0,0,0,0,0,0,0,0,0,0,0,bacteria20443
Deltaproteobacteria,bacteria20477_FEKPEAJB_00146,0,0,0,0,0,0,0,0,0,0,0,0,0,0.10907421,0,0,0,bacteria20477
Acidobacteria,bacteria20480_EANMDLCC_06185,0,0,0,0,0,0,0,0,0,0,0,0,0,0.123575406,0,0,0,bacteria20480
Deltaproteobacteria,bacteria20494_OMLGICDI_03479,0,0,0,0,0,0,0,0,0,0,0,0,0,0,0,0,0,bacteria20494
Deltaproteobacteria,bacteria20569_FBMMBCNP_01553,0,0,0,0,0,0,0,0,0,0,0,0,0,0.128786417,0,0,0,bacteria20569
Chlorobi,bacteria20622_BLMGPDPC_03363,0,0,0,0.165062443,0,0,0,0,0,0,0,0,0,0,0,0,0,bacteria20622
Chloroflexi,bacteria20631_MOCBEJKL_01944,0,0,1.525313763,0.636207065,0,0,0,1.927904059,0,0,0,0,0,1.197677602,0,0,1.283756347,bacteria20631
Elusimicrobia,bacteria20671_BBBELNBI_01127,0,0,0,0,0,0,0,0,0,0,0,0,0,0,0,0.207955131,0,bacteria20671
Deltaproteobacteria,bacteria20675_FJGPHMLA_04473,0,0,0,0,0,0,0,0,0,0,0,0,0,0,0,0,0,bacteria20675
Deltaproteobacteria,bacteria20678_HJHJLBOA_04270,0,0,0,0,0,0,0,0,0.958968792,0,0,0,0,0,0,0,0,bacteria20678
Aminicenantes,bacteria20685_FKNBAFMF_00379,0,0,0,0,0,0,0,0,0,0,0,0,0,0,0,0,0,bacteria20685
Elusimicrobia,bacteria20695_OFGBOAGO_01421,0,0,0,0,0,0,0,0,0,0,0,0,0,0,0,0.207955131,0,bacteria20695
Spirochaetes,bacteria20697_NBOIKECE_03323,0,0,0,0,0,0,0,0,0,0,0.79260261,0,0,0.122865202,0,0,0,bacteria20697
Spirochaetes,bacteria20697_NBOIKECE_02192,0,0,0,0,0,0,0,1.773870487,0.457405046,0,0,0,0,0,0,0,0,bacteria20697
Actinobacteria,bacteria20701_MKNEBMHC_01628,0,0,0,0,0,0,0,0,0,0,0,0,0,0.11976776,0,0,0,bacteria20701
Deltaproteobacteria,bacteria20738_LHKBJEKK_01037,0,0,0,0,0,0,0,3.597186842,2.318900146,0,0,0,0,0.744897045,0,0,0,bacteria20738
Chlorobi,bacteria20745_LPMOHICJ_00765,0,0,0,0.165062443,0,0,0,0,0,0,0,0,0,0,0,0,0,bacteria20745
Deltaproteobacteria,bacteria20749_OJBJBPBN_04655,0,0,0,0,0,0,0,0,0,0,0.091212205,0,0,0.084835497,0,0,0,bacteria20749
Acidobacteria,bacteria20842_LGIKCIPP_02822,0,0,0,0,0,0,0,0,0.384696151,0,0,0,0,0,0,0,0,bacteria20842
Deltaproteobacteria,bacteria20885_LIDIFIHF_04589,0,0,0,0.70317623,0,0,0,1.065420664,0,0,1.138599414,0,0,2.432621529,0.507542973,1.367482035,0,bacteria20885
Deltaproteobacteria,bacteria20898_DINFGHDF_03985,0,0,0,0,0,0,0,0,0,0,0.091212205,0,0,0.084835497,0,0,0,bacteria20898
Deltaproteobacteria,bacteria20901_LAJMINCF_07509,0,0,0,0,0,0,0,0,0.958968792,0,0,0,0,0,0,0,0,bacteria20901
FCPU426,bacteria20914_ALJEKHMF_01269,0,0,0,0,0,0,4.942250463,0,0,0,0,0,0,0.224446669,0,0,0,bacteria20914
Chloroflexi,bacteria21037_EGBIPAKA_01428,0,0,0,0,0,0,0,0,0.112831388,0,0,0,0,0,0,0,0,bacteria21037
Fibrobacteres,bacteria21130_JLLBPIIL_01844,0,0,0,0,3.82148641,0,0,0,0,0,0,0,0,0.117788128,0,0,0,bacteria21130
Deltaproteobacteria,bacteria21165_LOEDEDJK_03963,0,0,0,0,0,13.25855955,21.53755226,0,0,0,0,0,0,0,0,0,0,bacteria21165
Deltaproteobacteria,bacteria21170_MLKPLHMF_00823,0,0,0,0,0,0,0,0,0,0,0,0,0,0.140187182,0,0,0,bacteria21170
Fibrobacteres,bacteria21187_AAGFGJFP_01997,0,0,0,0,0,0,0,0,0,0,0,0,0,0.120442508,0,0,0,bacteria21187
FCPU426,bacteria21278_OFOICEGE_02290,0,0,0,0,0,0,0,0,0,0,0,0,0,0.108520534,0,0,0,bacteria21278
Spirochaetes,bacteria21401_PJHFALAO_03227,0,0,0,0,0,0,0,0,0,0,0,0,0,0,0,0,0.27038408,bacteria21401
Acidobacteria,bacteria21402_OJDFNFNG_01148,0,0,0,0,0,0,0,0,0,0,0,0,0,0,0,0,0,bacteria21402
Deltaproteobacteria,bacteria21447_CHILLHOD_01552,0,0,0,0,0,0,0,0,0,0,0,0,0,0,0,0,0,bacteria21447
Acidobacteria,bacteria21452_GEIDDEJC_02902,0,0,0,0,0,0,0,0,0,0,0,0,0,0,0,0,0,bacteria21452